Location,Address,Latitude,Longitude,Dates,Date_1,Time_start_1,Time_end_1,Date_2,Time_start_2,Time_end_2,Date_3,Time_start_3,Time_end_3,Date_4,Time_start_4,Time_end_4,Date_5,Time_start_5,Time_end_5,Date_6,Time_start_6,Time_end_6,Date_7,Time_start_7,Time_end_7,Date_8,Time_start_8,Time_end_8,Date_9,Time_start_9,Time_end_9,Date_10,Date_11,Date_12,Date_13,Date_14,Date_15,Action,Status,Date_Status_Current,Date_Status_Expired
"Adamstown: St Pius X High School,""Park Ave, Adamstown NSW 2289"",-32.936923,151.714893,Monday 3 August,3/08/2020,,,,,,,,,,,,,,,,,,,,,,,,,,,,,,,,,Monitor for symptoms,Expired,3/08/2020,18/08/2020"
"Albion Park: C1 Speed Indoor Karting,""176-178 Princes Highway, Hargraves Ave, Albion Park Rail NSW 2527"",-34.56162,150.795619,6pm to 7pm on Saturday 11 July,11/07/2020,18:00,19:00,,,,,,,,,,,,,,,,,,,,,,,,,,,,,,,Monitor for symptoms,Expired,11/07/2020,26/07/2020"
"Albion Park: McDonalds,""251 Princes Hwy, Albion Park NSW 2527"",-34.567215,150.803027,2pm to 2:30pm on Wednesday 15 July,15/07/2020,14:00,14:30,,,,,,,,,,,,,,,,,,,,,,,,,,,,,,,Monitor for symptoms,Expired,15/07/2020,30/07/2020"
"Ashfield: New Shanghai Night restaurant,""267c Liverpool Rd, Ashfield NSW 2131"",-33.888329,151.124402,6:30pm to 8pm on Friday 4 September,4/09/2020,18:30,20:00,,,,,,,,,,,,,,,,,,,,,,,,,,,,,,,Self-isolate and get tested immediately,Expired,4/09/2020,19/09/2020"
"Ashfield: The Crocodile Farm Hotel,""262 Liverpool Rd, Ashfield NSW 2131"",-33.88842,151.123999,5:30pm to 6:30pm on Friday 4 September,4/09/2020,17:30,18:30,,,,,,,,,,,,,,,,,,,,,,,,,,,,,,,Self-isolate and get tested immediately,Expired,4/09/2020,19/09/2020"
"Auburn: Ramadan Pharmacy,""63 Rawson St, Auburn NSW 2144"",-33.849433,151.033887,1:30pm to 2:30pm on Wednesday 19 August,19/08/2020,13:30,14:30,,,,,,,,,,,,,,,,,,,,,,,,,,,,,,,Monitor for symptoms,Expired,3/08/2020,19/08/2020"
"Balgowlah: Fitness First Balgowlah,""67/197-215 Condamine St, Balgowlah NSW 2093"",-33.793579,151.264759,9am to 12pm on Sunday 23 August ,23/08/2020,9:00,12:00,,,,,,,,,,,,,,,,,,,,,,,,,,,,,,,Monitor for symptoms,Expired,27/08/2020,7/09/2020"
"Balmain: Balmain Community Pharmacy ,""273 Darling St, Balmain NSW 2041"",-33.857402,151.181388,""Monday, 31 August from 11am-11.20am"",31/08/2020,11:00,11:20,,,,,,,,,,,,,,,,,,,,,,,,,,,,,,,Monitor for symptoms,Expired,31/08/2020,15/09/2020"
"Balmain: Chemist Warehouse,""293 Darling St, Balmain NSW 2041"",-33.857089,151.180646,2pm to 2:30pm on Friday 28 August,28/08/2020,14:00,14:30,,,,,,,,,,,,,,,,,,,,,,,,,,,,,,,Monitor for symptoms,Expired,28/08/2020,12/09/2020"
"Balmain: Woolworths,""276 Darling St, Balmain NSW 2041"",-33.857815,151.181166,10am to 11am on Thursday 27 August,27/08/2020,10:00,11:00,,,,,,,,,,,,,,,,,,,,,,,,,,,,,,,Monitor for symptoms,Expired,31/08/2020,11/09/2020"
"Bankstown: An Restaurant,""27 Greenfield Parade, Bankstown NSW 2200"",-33.919293,151.03279,9 to 11am on Thursday 23 July,23/07/2020,9:00,11:00,,,,,,,,,,,,,,,,,,,,,,,,,,,,,,,Monitor for symptoms,Expired,23/07/2020,7/08/2020"
"Bankstown: Bankstown Central Shopping Centre,""North Terrace, Bankstown NSW 2200, Australia"",-33.917063,151.038807,""10am to 3pm on Saturday, 8 August"",8/08/2020,10:00,15:00,,,,,,,,,,,,,,,,,,,,,,,,,,,,,,,Monitor for symptoms,Expired,23/07/2020,23/08/2020"
"Bankstown: BBQ City Buffet,""Little Saigon Plaza, Level 5/462 Chapel Rd, Bankstown NSW 2200"",-33.91340049,151.0340821,7pm to 8.30pm Saturday 1 August,1/08/2020,19:00,20:30,,,,,,,,,,,,,,,,,,,,,,,,,,,,,,,Monitor for symptoms,Expired,23/07/2020,16/08/2020"
"Bankstown: St Brendan's Catholic Church,""54 Northam Ave, Bankstown NSW 2200"",-33.922085,151.029293,""6:30pm to 7:30pm on Thursday 16 July"
"10am to 11am Funeral on Saturday 18 July"",16/07/2020,18:30,19:30,18/07/2020,10:00,11:00,,,,,,,,,,,,,,,,,,,,,,,,,,,,Self-isolate and get tested immediately,Expired,18/07/2020,2/08/2020"
"Batemans Bay: Wray St Oyster Shed,""5 Wray St, North Batemans Bay NSW 2536"",-35.6975951,150.1779833,12pm to 1pm on Saturday 12 September,12/09/2020,12:00,13:00,,,,,,,,,,,,,,,,,,,,,,,,,,,,,,,Monitor for symptoms,Expired,,24/09/2020"
"Batemans Bay: Soldiers Club,""6 Beach Rd, Batemans Bay NSW 2536"",-35.708923,150.179209,""Friday 10 July, Monday 13 July, Wednesday 15 July to Friday 17 July"",10/07/2020,,,13/07/2020,,,15/07/2020,,,16/07/2020,,,17/07/2020,,,,,,,,,,,,,,,,,,,,,Self-isolate and get tested immediately,Expired,17/07/2020,1/08/2020"
"Belfield: Mancini's Original Woodfired Pizza,""21 Burwood Rd, Belfield NSW 2191"",-33.902916,151.084335,8pm to 9:20pm on Friday 10 July,10/07/2020,20:00,21:20,,,,,,,,,,,,,,,,,,,,,,,,,,,,,,,Monitor for symptoms,Expired,10/07/2020,25/07/2020"
"Bondi Junction: Platinum Fitness First,""L6 Westfield Shopping Centre, 500 Oxford St, Bondi Junction NSW 2022"",-33.891512,151.250503,7am to 5pm on Monday 31 August,31/08/2020,7:00,17:00,,,,,,,,,,,,,,,,,,,,,,,,,,,,,,,Monitor for symptoms,Expired,31/08/2020,15/09/2020"
"Bowral: Horderns Restaurant at Milton Park Country House Hotel and Spa,""Horderns Rd, Bowral NSW 2576"",-34.50000642,150.4832477,Sunday 2 August between 7:45pm and 9:15pm,2/08/2020,19:45,21:15,,,,,,,,,,,,,,,,,,,,,,,,,,,,,,,Monitor for symptoms,Expired,18/07/2020,17/08/2020"
"Bowral: Woolworths,""380 Bong Bong, Road, Bowral NSW 2576"",-34.481331,150.41784,12pm to 9pm on Saturday 11 July and 12pm to 9pm on Sunday 12 July,11/07/2020,12:00,21:00,12/07/2020,12:00,21:00,,,,,,,,,,,,,,,,,,,,,,,,,,,,Monitor for symptoms,Expired,12/07/2020,27/07/2020"
"Brighton Le Sands: Hurricanes Grill,""95 The Grand Parade, Brighton-Le-Sands NSW 2216"",-33.962735,151.155677,6pm to 9pm on Saturday 11 July,11/07/2020,18:00,21:00,,,,,,,,,,,,,,,,,,,,,,,,,,,,,,,Monitor for symptoms,Expired,11/07/2020,26/07/2020"
"Broadmeadow: McDonald Jones Stadium,""294 Turton Rd, Broadmeadow NSW 2292"",-32.91719,151.725997,7:30pm to the end of the Newcastle Jets match on Sunday 2 August,2/08/2020,19:30,22:30,,,,,,,,,,,,,,,,,,,,,,,,,,,,,,,Monitor for symptoms,Expired,2/08/2020,18/08/2020"
"Burwood: Service NSW,""Ground Floor, 1-17 Elsie St, Burwood NSW 2134"",-33.875573,151.102743,2:30pm to 3pm on Friday 21 August,21/08/2020,14:30,15:00,,,,,,,,,,,,,,,,,,,,,,,,,,,,,,,Monitor for symptoms,Expired,2/08/2020,5/09/2020"
"Burwood: Westfield Shopping Centre,""100 Burwood Rd, Burwood NSW 2134"",-33.874589,151.105816,""6pm to 7pm on Thursday 20 August, including Kmart and Woolworths from 6:30pm to 7pm."",20/08/2020,18:00,19:00,,,,,,,,,,,,,,,,,,,,,,,,,,,,,,,Monitor for symptoms,Expired,2/08/2020,4/09/2020"
Bus route X39,,,,Thursday 20 August,20/08/2020,,,,,,,,,,,,,,,,,,,,,,,,,,,,,,,,,Self-isolate and get tested immediately,Expired,20/08/2020,4/09/2020
"Cabramatta: Cabramatta Family Practice,""120 John St, Cabramatta NSW 2166"",-33.894663,150.932271,9am to 10:15am on Thursday 20 August,20/08/2020,9:00,10:15,,,,,,,,,,,,,,,,,,,,,,,,,,,,,,,Monitor for symptoms,Expired,22/07/2020,4/09/2020"
"Cabramatta: Tan Viet Noodle House,""100 John St, Cabramatta NSW 2166"",-33.894998,150.934206,12pm to 2pm on Thusday 23 July,23/07/2020,12:00,14:00,,,,,,,,,,,,,,,,,,,,,,,,,,,,,,,Self-isolate and get tested immediately,Expired,22/07/2020,6/08/2020"
"Cabramatta: Tan Viet Noodle House (also known as Crispy Chicken Noodle House) ,""100 John St, Cabramatta NSW 2166"",-33.894998,150.934206,"" 1pm to 2pm, Wednesday 22 July"",22/07/2020,13:00,14:00,,,,,,,,,,,,,,,,,,,,,,,,,,,,,,,Monitor for symptoms,Expired,22/07/2020,6/08/2020"
"Campbelltown: Bavarian Macarthur,""Macarthur Square, 200 Gilchrist Dr, Campbelltown NSW 2560"",-34.075891,150.798336,7:30pm to 9pm on Saturday 11 July,11/07/2020,19:30,21:00,,,,,,,,,,,,,,,,,,,,,,,,,,,,,,,Monitor for symptoms,Expired,11/07/2020,26/07/2020"
"Campbelltown: Bunnings Warehouse,""Cnr Kellicar Rd &, Bugden Pl, Campbelltown NSW 2560"",-34.07246525,150.8011449,""11am to 7pm on Tuesday 4 August "
8am to 4pm on Wednesday 5 August 
"1pm to 3pm on Thursday 6 August "",4/08/2020,11:00,19:00,5/08/2020,8:00,16:00,6/08/2020,13:00,15:00,,,,,,,,,,,,,,,,,,,,,,,,,Monitor for symptoms,Expired,22/07/2020,21/08/2020"
"Campbelltown: Macarthur Tavern,""Corner Gilchrist Drive &, Kellicar Rd, Campbelltown NSW 2560"",-34.073286,150.800152,9:15pm on Saturday 11 July to 12:40am on Sunday 12 July,11/07/2020,21:15,23:59,12/07/2020,0:00,0:40,,,,,,,,,,,,,,,,,,,,,,,,,,,,Monitor for symptoms,Expired,12/07/2020,27/07/2020"
"Cambelltown: Mama Wok, Macarthur Square,""Level C006-07/1 Kellicar Rd, Campbelltown NSW 2560"",-34.0741064,150.7971409,1:30pm to 2:30pm on Wednesday 9 September,9/09/2020,13:30,14:30,,,,,,,,,,,,,,,,,,,,,,,,,,,,,,,Self-isolate and get tested immediately,Expired,,24/09/2020"
"Campbelltown: Plus Fitness,""8 Blaxland Rd, Campbelltown NSW 2560"",-34.054729,150.821745,9am to 10am on Saturday 11 July,11/07/2020,9:00,10:00,,,,,,,,,,,,,,,,,,,,,,,,,,,,,,,Self-isolate and get tested immediately,Expired,11/07/2020,26/07/2020"
"Campbelltown: West Leagues Club,""10 Old Leumeah Rd, Leumeah NSW 2560"",-34.051146,150.832509,8pm on Friday 10 July to 12am on Saturday 11 July and 12am to 2:30am on Sunday 12 July,10/07/2020,20:00,11:59,12/07/2020,0:00,2:30,,,,,,,,,,,,,,,,,,,,,,,,,,,,Monitor for symptoms,Expired,12/07/2020,27/07/2020"
Camperdown: Carslaw Building toilets, University of Sydney,Camperdown NSW 2050,-33.888573,151.190361,28 August 8-8.20pm,28/08/2020,20:00,20:20,,,,,,,,,,,,,,,,,,,,,,,,,,,,,,,Monitor for symptoms,Expired,28/08/2020,12/09/2020
"Camperdown: Frank's Pizza Bar Restaurant,""137 Parramatta Rd, Camperdown NSW 2050"",-33.887378,151.174628,""6pm to 8pm, Sunday 26 July"",26/07/2020,18:00,20:00,,,,,,,,,,,,,,,,,,,,,,,,,,,,,,,Monitor for symptoms,Expired,26/07/2020,10/08/2020"
"Camperdown: Quality Suites Camperdown (foyer),""108 Parramatta Rd, Camperdown NSW 2050"",-33.886047,151.178843,""Saturday, 29 August 3.15-4.30pm "",29/08/2020,15:15,16:30,,,,,,,,,,,,,,,,,,,,,,,,,,,,,,,Monitor for symptoms,Expired,29/08/2020,13/09/2020"
"Camperdown: Rydges Hotel,""9 Missenden Rd, Camperdown NSW 2050"",-33.886981,151.179203,29 August 2020 between 2.00-3.15pm,29/08/2020,14:00,15:15,,,,,,,,,,,,,,,,,,,,,,,,,,,,,,,Monitor for symptoms,Expired,29/08/2020,13/09/2020"
"Canley Vale: Master Hot Pot,""36-38 Canley Vale Rd, Canley Vale NSW 2166"",-33.88718666,150.9420615,1pm to 2pm Saturday 1 August,1/08/2020,13:00,14:00,,,,,,,,,,,,,,,,,,,,,,,,,,,,,,,Monitor for symptoms,Expired,1/08/2020,16/08/2020"
"Canterbury: Canterbury Hurlstone Park RSL,""20-26 Canterbury Rd, Hurlstone Park NSW 2193"",-33.906109,151.127836,6:30pm to 8pm on Monday 27 July,27/07/2020,18:30,20:00,,,,,,,,,,,,,,,,,,,,,,,,,,,,,,,Monitor for symptoms,Expired,27/07/2020,11/08/2020"
"Caringbah: Caringbah Hotel,""343 Port Hacking Rd, Caringbah NSW 2229"",-34.0434,151.123062,8:30pm to 11:00pm on Saturday 22 August,22/08/2020,20:30,23:00,,,,,,,,,,,,,,,,,,,,,,,,,,,,,,,Monitor for symptoms,Expired,22/08/2020,6/09/2020"
"Caringbah: Highfield Caringbah,""22-24 MacKay St, Caringbah NSW 2229"",-34.042304,151.124103,6pm to 8:30pm on Saturday 22 August,22/08/2020,18:00,20:30,,,,,,,,,,,,,,,,,,,,,,,,,,,,,,,Self-isolate and get tested immediately,Expired,22/08/2020,6/09/2020"
"Castle Hill: Castle Towers Shopping Centre,""6-14 Castle St, Castle Hill NSW 2154"",-33.73022185,151.0065318,3:30pm to 5pm on Friday 7 August ,7/08/2020,15:30,17:00,,,,,,,,,,,,,,,,,,,,,,,,,,,,,,,Monitor for symptoms,Expired,21/08/2020,25/08/2020"
"Casula: Crossroads Hotel,""Hume Hwy & Camden Valley Way, Casula NSW 2170"",-33.958152,150.885996,Friday 3 July to Friday 10 July,3/07/2020,,,4/07/2020,,,5/07/2020,,,6/07/2020,,,7/07/2020,,,8/07/2020,,,9/07/2020,,,10/07/2020,,,,,,,,,,,,Self-isolate and get tested immediately,Expired,10/07/2020,25/07/2020"
"Casula: Kmart (Casula Mall),""1 Ingham Dr, Casula NSW 2170"",-33.948031,150.899728,5pm on Friday 10 July to 12am on Saturday 11 July,10/07/2020,17:00,23:59,,,,,,,,,,,,,,,,,,,,,,,,,,,,,,,Monitor for symptoms,Expired,11/07/2020,26/07/2020"
"Casula: Planet Fitness,""Crossroads Homemaker Centre, 8 Camden Valley Way, Casula NSW 2170"",-33.957851,150.880428,Saturday 4 July to Friday 10 July,4/07/2020,,,5/07/2020,,,6/07/2020,,,7/07/2020,,,8/07/2020,,,9/07/2020,,,10/07/2020,,,11/07/2020,,,,,,,,,,,,Self-isolate and get tested immediately,Expired,10/07/2020,25/07/2020"
"Chatswood: Gram Café and Pancakes,""Chatswood Station, Shop 67, Level 3/436 Victoria Ave, Chatswood NSW 2067"",-33.797493,151.180913,""Thursday, 27 August from 11.10am-12.15pm"",27/08/2020,11:10,12:15,,,,,,,,,,,,,,,,,,,,,,,,,,,,,,,Monitor for symptoms,Expired,27/08/2020,11/09/2020"
"Chatswood: Sushi Rio,""345 Victoria Ave, Chatswood NSW 2067"",-33.795032,151.186643,5:45pm to 7:30pm on Thursday 27 August,27/08/2020,17:45,19:30,,,,,,,,,,,,,,,,,,,,,,,,,,,,,,,Monitor for symptoms,Expired,27/08/2020,11/09/2020"
"Cherrybrook: PharmaSave Cherrybrook Pharmacy in Appletree Shopping Centre,""8/132 Shepherds Dr, Cherrybrook NSW 2126"",-33.71423006,151.050872,4pm to 7pm on Thursday 6 August,6/08/2020,16:00,19:00,,,,,,,,,,,,,,,,,,,,,,,,,,,,,,,Monitor for symptoms,Expired,6/08/2020,21/08/2020"
"Chippendale: Holy Duck! Restaurant,""10/2 Kensington St, Chippendale NSW 2008"",-33.884657,151.201683,7:15pm to 9.30pm on Friday 10 July,10/07/2020,19:15,21:30,,,,,,,,,,,,,,,,,,,,,,,,,,,,,,,Monitor for symptoms,Expired,10/07/2020,25/07/2020"
"Clovelly: Clovelly Hotel,""381 Clovelly Rd, Clovelly NSW 2031"",-33.913337,151.264724,""Saturday, 5 September,12:45-1:45pm"",5/09/2020,12:45,13:30,,,,,,,,,,,,,,,,,,,,,,,,,,,,,,,Monitor for symptoms,Expired,9/09/2020,21/09/2020"
"Concord: Crust Pizza,""177 Concord Rd, Concord NSW 2137"",-33.85765785,151.0923354,""Thursday 6 August between 4pm and 8pm"
"Friday 7 August between 5pm and 9pm"",6/08/2020,16:00,20:00,7/08/2020,17:00,21:00,,,,,,,,,,,,,,,,,,,,,,,,,,,,Monitor for symptoms,Expired,7/08/2020,22/08/2020"
"Concord: KFC,""307 Concord Rd, Concord NSW 2137"",-33.848601,151.09,1pm to 1:20pm on Sunday 6 September ,6/09/2020,13:00,13:20,,,,,,,,,,,,,,,,,,,,,,,,,,,,,,,Monitor for symptoms,Expired,6/09/2020,18/09/2020"
"Concord: Paperboy Café,18 Tennyson Rd Concord,-33.844922,151.107274,""Sunday, 6 September, 10am-12pm"",6/09/2020,10:00,12:00,,,,,,,,,,,,,,,,,,,,,,,,,,,,,,,Self-isolate and get tested immediately,Expired,9/09/2020,14/09/2020"
"Crows Nest: Woolworths,""10 Falcon St, Crows Nest NSW 2065"",-33.827177,151.201719,10:30am to 11am on Monday 27 July,27/07/2020,10:30,11:00,,,,,,,,,,,,,,,,,,,,,,,,,,,,,,,Monitor for symptoms,Expired,27/07/2020,11/08/2020"
Croydon Park: Croydon Park Pharmacy,172 Georges River Rd Croydon Park  ,-33.895543,151.107979,3 September between 1pm – 2pm.  ,3/09/2020,13:00,14:00,,,,,,,,,,,,,,,,,,,,,,,,,,,,,,,Monitor for symptoms,Expired,3/09/2020,18/09/2020
"Double Bay: Cafe Perons,""Corner of Short and Bay Streets, Double Bay NSW 2028"",-33.877039,151.241801,Saturday 8 August between 1pm and 2pm,8/08/2020,13:00,14:00,,,,,,,,,,,,,,,,,,,,,,,,,,,,,,,Monitor for symptoms,Expired,8/08/2020,23/08/2020"
"Double Bay: Café Perons,""Bay St &, Short St, Double Bay NSW 2028"",-33.876999,151.241787,Saturday 8 August between 1pm and 2pm,8/08/2020,13:00,14:00,,,,,,,,,,,,,,,,,,,,,,,,,,,,,,,Monitor for symptoms,Expired,27/07/2020,23/08/2020"
"Drummoyne: Destro's Pharmacy,""197-201 Victoria Rd, Drummoyne NSW 2047"",-33.850998,151.15392,11:20am to 11:40am on Saturday 22 August,22/08/2020,11:20,11:40,,,,,,,,,,,,,,,,,,,,,,,,,,,,,,,Monitor for symptoms,Expired,22/08/2020,6/09/2020"
"East Maitland: Windsor Castle Hotel ,""78 Lawes St, East Maitland NSW 2323"",-32.74967,151.589277,6pm to 8pm on Monday 13 July,13/07/2020,18:00,20:00,,,,,,,,,,,,,,,,,,,,,,,,,,,,,,,Monitor for symptoms,Expired,13/07/2020,28/07/2020"
"Emerton: KFC,""2A Bunting St, Emerton NSW 2770"",-33.743227,150.8058148,12pm to 9:30pm on Monday 7 September,7/09/2020,12:00,21:30,,,,,,,,,,,,,,,,,,,,,,,,,,,,,,,Monitor for symptoms,Expired,7/09/2020,22/09/2020"
"Enmore: Warren View Hotel,""2 Stanmore Rd, Enmore NSW 2042"",-33.89963857,151.1705852,4pm to 4:20pm on Saturday 1 August,1/08/2020,16:00,16:20,,,,,,,,,,,,,,,,,,,,,,,,,,,,,,,Monitor for symptoms,Expired,1/08/2020,16/08/2020"
"Epping: Plus Fitness,""47 Beecroft Rd, Epping NSW 2121"",-33.773243,151.081697,5 September between 9am – 10:15am. ,5/09/2020,9:00,10:15,,,,,,,,,,,,,,,,,,,,,,,,,,,,,,,Self-isolate and get tested immediately,Expired,9/09/2020,14/09/2020"
"Fairfield East: Ausia Funeral Services,""120 Fairfield St, Fairfield East NSW 2165"",-33.869438,150.973224, 1pm to 8pm on Friday 17 July ,17/07/2020,13:00,20:00,,,,,,,,,,,,,,,,,,,,,,,,,,,,,,,Self-isolate and get tested immediately,Expired,17/07/2020,1/08/2020"
"Fairfield West: Aldi,""370 Hamilton Rd, Fairfield West NSW 2165"",-33.868605,150.923099,9:45am to 11am on Sunday 16 August,16/08/2020,9:45,11:00,,,,,,,,,,,,,,,,,,,,,,,,,,,,,,,Monitor for symptoms,Expired,17/07/2020,31/08/2020"
"Fairfield: Neeta Shopping Centre (including the Soul Pattinson Chemist, Woolworths and Fresco Juice Bar),""1/29 Court Rd, Fairfield NSW 2165"",-33.86871,150.95638,23 July to 30 July,23/07/2020,,,24/07/2020,,,25/07/2020,,,26/07/2020,,,27/07/2020,,,28/07/2020,,,29/07/2020,,,30/07/2020,,,,,,,,,,,,Monitor for symptoms,Expired,17/07/2020,14/08/2020"
"Fairfield: Neeta Shopping Centre (Soul Pattinson Chemist, Woolworths, Fresco Juice Bar),""1/29 Court Rd, Fairfield NSW 2165"",-33.869489,150.956848,23 July to 30 July,23/07/2020,,,24/07/2020,,,25/07/2020,,,26/07/2020,,,27/07/2020,,,28/07/2020,,,29/07/2020,,,30/07/2020,,,,,,,,,,,,Monitor for symptoms,Expired,30/07/2020,14/08/2020"
"Glebe: Broadway Shopping Centre,""1 Bay St, Ultimo NSW 2007"",-33.884212,151.194712,3:30pm to 5pm on Saturday 22 August including Apple Store from 3:40pm to 4:40pm,22/08/2020,15:30,17:00,,,,,,,,,,,,,,,,,,,,,,,,,,,,,,,Monitor for symptoms,Expired,31/07/2020,8/09/2020"
"Glebe: Jambo Jambo African Restaurant,""93 Glebe Point Rd, Glebe NSW 2037"",-33.88226542,151.1903917,7pm to 10:30pm on Friday 31 July 2020,31/07/2020,19:00,22:30,,,,,,,,,,,,,,,,,,,,,,,,,,,,,,,Self-isolate and get tested immediately,Expired,31/07/2020,15/08/2020"
"Greystanes: Metro Fuel,""73 Ettalong Rd, Pendle Hill NSW 2145"",-33.818213,150.951394,""27 August, 3.15-3.35pm"",27/08/2020,15:30,16:00,,,,,,,,,,,,,,,,,,,,,,,,,,,,,,,Monitor for symptoms,Expired,27/08/2020,11/09/2020"
"Hamilton: Bennett Hotel,""146 Denison St, Hamilton NSW 2303"",-32.92455978,151.7440835,5:30pm to 10pm on Friday 31 July,31/07/2020,17:30,22:00,,,,,,,,,,,,,,,,,,,,,,,,,,,,,,,Self-isolate and get tested immediately,Expired,31/07/2020,15/08/2020"
"Hamilton: Greenroof Bar Restaurant,""71 Tudor St, Hamilton NSW 2303"",-32.92480693,151.7493622,10.30pm on Friday 31 July to 12.15am on Saturday 1 August,31/07/2020,22:30,23:59,1/08/2020,0:00,0:15,,,,,,,,,,,,,,,,,,,,,,,,,,,,Monitor for symptoms,Expired,1/08/2020,16/08/2020"
"Hamilton: Sushi Revolution,""93 Beaumont St, Hamilton NSW 2303"",-32.92235387,151.747456,Noon to 12.45pm on Saturday 1 August,1/08/2020,12:00,12:45,,,,,,,,,,,,,,,,,,,,,,,,,,,,,,,Monitor for symptoms,Expired,1/08/2020,16/08/2020"
"Hamilton: Sydney Junction Hotel,""8 Beaumont St, Hamilton NSW 2303"",-32.91833267,151.7477351,11pm on Saturday 1 August to 1:15am on Sunday 2 August,1/08/2020,23:00,23:59,2/08/2020,0:00,1:15,,,,,,,,,,,,,,,,,,,,,,,,,,,,Self-isolate and get tested immediately,Expired,2/08/2020,17/08/2020"
"Harris Park: Our Lady of Lebanon Cathedral,""40-46 Alice St, Harris Park NSW 2150"",-33.820917,151.0152,""5:30pm Mass on Wednesday 15 July"
6pm Mass on Thursday 16 July
"1:30pm Funeral and 6pm Mass on Friday 17 July"",15/07/2020,17:30,,16/07/2020,18:00,,17/07/2020,13:30,,17/07/2020,18:00,,,,,,,,,,,,,,,,,,,,,,,Self-isolate and get tested immediately,Expired,17/07/2020,1/08/2020"
"Homebush West: Sydney Markets Flemington,""250-318 Parramatta Rd, Homebush West NSW 2140"",-33.862319,151.071739,""8am to 4pm on Sunday 9 August "
10:30pm on Tuesday 11 August to 6am on Wednesday 12 August 
"10:30pm on Wednesday 12 August to 01:40am on Thursday 13 August "",9/08/2020,8:00,16:00,11/08/2020,22:30,23:59,12/08/2020,0:00,6:00,12/08/2020,22:30,23:59,13/08/2020,0,0.069444444,,,,,,,,,,,,,,,,,,,Monitor for symptoms,Expired,13/08/2020,28/08/2020"
"Homebush: DFO,""3-5 Underwood Rd, Homebush NSW 2140"",-33.85578899,151.076612,10:45am to 12pm on Saturday 8 August ,8/08/2020,10:45,12:00,,,,,,,,,,,,,,,,,,,,,,,,,,,,,,,Monitor for symptoms,Expired,8/08/2020,23/08/2020"
"Hornsby: PRP Diagnostic Imaging,""16-20 Edgeworth David Ave, Hornsby NSW 2077"",-33.706218,151.102733,10am to 11:15am on Monday 24 August,24/08/2020,10:00,11:15,,,,,,,,,,,,,,,,,,,,,,,,,,,,,,,Monitor for symptoms,Expired,24/08/2020,8/09/2020"
"Hornsby: PRP Diagnostic Imaging,""16-20 Edgeworth David Ave, Hornsby NSW 2077"",-33.706183,151.102765,10am to 11:15am on Monday 24 August,24/08/2020,10:00,11:15,,,,,,,,,,,,,,,,,,,,,,,,,,,,,,,Monitor for symptoms,Expired,24/08/2020,8/09/2020"
"Hoxton Park: Guzman y Gomez,""501 Cowpasture Rd, Hoxton Park NSW 2171"",-33.917448,150.855042,7:30pm to 9:00pm on Sunday 12 July,12/07/2020,19:30,21:00,,,,,,,,,,,,,,,,,,,,,,,,,,,,,,,Monitor for symptoms,Expired,12/07/2020,27/07/2020"
"Hunters Hill: Hunters Hill Bowling Club (indoor dining room) ,""12-20 Madeline St, Hunters Hill NSW 2110"",-33.83334,151.15358,12pm to 2pm on Sunday 23 August,23/08/2020,12:00,14:00,,,,,,,,,,,,,,,,,,,,,,,,,,,,,,,Self-isolate and get tested immediately,Expired,22/08/2020,7/09/2020"
"Hurlstone Park: Metro Petroleum,""11 Canterbury Rd, Hurlstone Park NSW 2193"",-33.907687,151.125396,10:20am to 10:30am on Monday 24 August,24/08/2020,10:20,10:30,,,,,,,,,,,,,,,,,,,,,,,,,,,,,,,Monitor for symptoms,Expired,24/08/2020,8/09/2020"
"Hurlstone Park: Metro Petroleum,""11 Canterbury Rd, Hurlstone Park NSW 2193"",-33.907692,151.125397,10:20am to 10:30am on Monday 24 August,24/08/2020,10:20,10:30,,,,,,,,,,,,,,,,,,,,,,,,,,,,,,,Monitor for symptoms,Expired,24/08/2020,8/09/2020"
"Huskisson: Wildginger,""42 Owen St, Huskisson NSW 2540"",-35.0389597,150.6692482,7:45pm to 10:30pm on Saturday 8 August,8/08/2020,19:45,20:30,,,,,,,,,,,,,,,,,,,,,,,,,,,,,,,Self-isolate and get tested immediately,Expired,8/08/2020,24/08/2020"
"Huskisson: Wildginger	,""42 Owen St, Huskisson NSW 2540"",-35.038751,150.669418,7:45pm to 10:30pm on Saturday 8 August,8/08/2020,19:45,22:30,,,,,,,,,,,,,,,,,,,,,,,,,,,,,,,Self-isolate and get tested immediately,Expired,8/08/2020,23/08/2020"
"Jesmond: Hotel Jesmond,""182 Newcastle Rd, Jesmond NSW 2299"",-32.90441298,151.6901606,7pm to 9pm on Wednesday 29 July,29/07/2020,19:00,21:00,,,,,,,,,,,,,,,,,,,,,,,,,,,,,,,Self-isolate and get tested immediately,Expired,29/07/2020,13/08/2020"
"Katoomba: Katoomba Sports & Aquatic Centre,""Cataline Ave, Katoomba NSW 2780"",-33.7153109,150.3034348,11:30am to 1:30pm on Friday 4 September,4/09/2020,11:30,13:30,,,,,,,,,,,,,,,,,,,,,,,,,,,,,,,,Expired,4/09/2020,4/09/2020"
"Lambton: Lambton Park Hotel,""19A Morehead St, Lambton NSW 2299"",-32.91354162,151.7086084,8pm to 9pm on Thursday 30 July,30/07/2020,20:00,21:00,,,,,,,,,,,,,,,,,,,,,,,,,,,,,,,Self-isolate and get tested immediately,Expired,30/07/2020,14/08/2020"
"Lidcombe: Dooleys Lidcombe Catholic Club,""11-17 Church St, Lidcombe NSW 2141"",-33.862095,151.043333,""5pm on Friday 7 August to 6:30am on Saturday 8 August "
4:30pm to 11:30pm on Saturday 8 August 
1pm to 9pm on Sunday 9 August 
"12pm to 9:30pm on Monday 10 August "",7/08/2020,17:00,23:59,8/08/2020,0:00,6:30,8/08/2020,16:30,23:30,9/08/2020,13:00,21:00,10/08/2020,0.5,0.895833333,,,,,,,,,,,,,,,,,,,Self-isolate and get tested immediately,Expired,10/08/2020,26/08/2020"
"Lidcombe: Leaf Café & Co, Lidcombe Shopping Centre,""Lidcombe Shopping Centre 7, 92 Parramatta Rd, Lidcombe NSW 2141"",-33.849418,151.048801,""Monday, 31 August from 11.30am-1.30pm"",31/08/2020,11:30,13:30,,,,,,,,,,,,,,,,,,,,,,,,,,,,,,,Monitor for symptoms,Expired,4/09/2020,15/09/2020"
"Liverpool: Liverpool Hospital,""Elizabeth &, Goulburn St, Liverpool NSW 2170"",-33.9204,150.929676,""7am to 3pm on Thursday 6 August "
7am to 3pm on Friday 7 August 
5am to 1:30pm on Saturday 8 August 
"5am to 1:30pm on Sunday 9 August"",6/08/2020,7:00,15:00,7/08/2020,7:00,15:00,8/08/2020,5:00,13:30,9/08/2020,5:00,13:30,,,,,,,,,,,,,,,,,,,,,,Monitor for symptoms,Expired,9/08/2020,26/08/2020"
"Liverpool: The Railway Hotel,""2 Scott St, Liverpool NSW 2170"",-33.925354,150.92613,10pm to 11:30pm on Friday 4 September,4/09/2020,22:00,13:30,,,,,,,,,,,,,,,,,,,,,,,,,,,,,,,Monitor for symptoms,Expired,4/09/2020,19/09/2020"
"Liverpool: Westfield Liverpool,""Macquarie St, Liverpool NSW 2170"",-33.919106,150.92421,10:30am to 11am and 12:30pm to 1pm on Friday 7 August,7/08/2020,10:30,11:00,7/08/2020,12:30,13:00,,,,,,,,,,,,,,,,,,,,,,,,,,,,Monitor for symptoms,Expired,7/08/2020,22/08/2020"
"Malabar: Randwick Golf Club,""Howe St, Malabar NSW 2036"",-33.968897,151.253671,11:50am to 12:20pm on Tuesday 25 August,25/08/2020,11:50,12:20,,,,,,,,,,,,,,,,,,,,,,,,,,,,,,,Monitor for symptoms,Expired,25/08/2020,9/09/2020"
"Malabar: Randwick Golf Club,""Howe St, Malabar NSW 2036"",-33.968869,151.253662,11:50am to 12:20pm on Tuesday 25 August,25/08/2020,11:50,12:20,,,,,,,,,,,,,,,,,,,,,,,,,,,,,,,Monitor for symptoms,Expired,25/08/2020,9/09/2020"
"Malua Bay: Club Malua,""40 Sylvan St, Malua Bay NSW 2536"",-35.79286,150.222097,12pm to 1:30pm on Sunday 12 July,12/07/2020,12:00,13:30,,,,,,,,,,,,,,,,,,,,,,,,,,,,,,,Monitor for symptoms,Expired,12/07/2020,27/07/2020"
"Manly: 4 Pines Manly Brew Pub,""29/43-45 E Esplanade, Manly NSW 2095"",-33.7995,151.285211,3:30pm to 5pm on Sunday 23 August,23/08/2020,15:30,17:00,,,,,,,,,,,,,,,,,,,,,,,,,,,,,,,Monitor for symptoms,Expired,23/08/2020,7/09/2020"
"Maroubra: Fitness First Maroubra,""Shop F07-F15, Level 1, Pacific Square Shopping Centre 737, Anzac Parade, Maroubra NSW 2035"",-33.940861,151.238823,""Saturday, 5 September, 8am 12pm"",5/09/2020,8:00,12:00,,,,,,,,,,,,,,,,,,,,,,,,,,,,,,,Monitor for symptoms,Expired,5/09/2020,20/09/2020"
"Marrickville: Anytime Fitness,""142 Marrickville Rd, Marrickville NSW 2204"",-33.913394,151.161291,""3:30pm to 4:15pm on Sunday 23 August, 7pm to 8pm on Monday 24 August"",23/08/2020,15:30,16:15,24/08/2020,19:00,20:00,,,,,,,,,,,,,,,,,,,,,,,,,,,,Self-isolate and get tested immediately,Expired,24/08/2020,8/09/2020"
"Marrickville: Anytime Fitness,""142 Marrickville Rd, Marrickville NSW 2204"",-33.913354,151.161347,7pm to 8pm on Monday 24 August,24/08/2020,19:00,20:00,,,,,,,,,,,,,,,,,,,,,,,,,,,,,,,Self-isolate and get tested immediately,Expired,23/08/2020,7/09/2020"
"Marrickville: Eat Fuh,""274 Illawarra Rd, Marrickville NSW 2204"",-33.911586,151.154981,5:20pm to 5:40pm on Sunday 23 August,23/08/2020,17:20,17:40,,,,,,,,,,,,,,,,,,,,,,,,,,,,,,,Monitor for symptoms,Expired,23/08/2020,7/09/2020"
"Marrickville: Eat Fuh,""274 Illawarra Rd, Marrickville NSW 2204"",-33.911581,151.154971,5:20pm to 5:40pm on Sunday 23 August,23/08/2020,17:20,17:40,,,,,,,,,,,,,,,,,,,,,,,,,,,,,,,Monitor for symptoms,Expired,23/08/2020,7/09/2020"
"Marrickville: Liquorland (269 to 271 Marrickville Road),""269-271 Marrickville Rd, Marrickville NSW 2204"",-33.909889,151.155575,5:15pm to 5:30pm on Sunday 23 August,23/08/2020,17:15,15:30,,,,,,,,,,,,,,,,,,,,,,,,,,,,,,,Monitor for symptoms,Expired,23/08/2020,7/09/2020"
"Marrickville: Liquorland (269 to 271 Marrickville Road),""269-271 Marrickville Rd, Marrickville NSW 2204"",-33.909896,151.155544,5:15pm to 5:30pm on Sunday 23 August,23/08/2020,17:15,17:30,,,,,,,,,,,,,,,,,,,,,,,,,,,,,,,Monitor for symptoms,Expired,23/08/2020,7/09/2020"
"Marrickville: Matinee Coffee,""23-29 Addison Rd, Marrickville NSW 2204"",-33.903703,151.16762,""8am to 9am on Sunday 26 July"
"7am to 7:45am on Monday 27 July"",26/07/2020,8:00,9:00,27/07/2020,7:00,7:45,,,,,,,,,,,,,,,,,,,,,,,,,,,,Monitor for symptoms,Expired,27/07/2020,11/08/2020"
"Marrickville: Woolworths - Marrickville Metro Shopping Centre,""Marrickville Shopping Centre, 34 Victoria Rd, Marrickville NSW 2204"",-33.90681025,151.171692,7pm to 7:20pm on Sunday 2 August,2/08/2020,19:00,19:20,,,,,,,,,,,,,,,,,,,,,,,,,,,,,,,Monitor for symptoms,Expired,2/08/2020,17/08/2020"
"Marsden Park: Costco,""10 Langford Dr, Marsden Park NSW 2765"",-33.722507,150.840516,11am to 2pm on Sunday 19 July,19/07/2020,11:00,14:00,,,,,,,,,,,,,,,,,,,,,,,,,,,,,,,Monitor for symptoms,Expired,19/07/2020,3/08/2020"
"Merrylands: Anytime Fitness Gym,""Merrylands RSL, Level 4 Carpark (Entrance off Miller St) 14 Military Road"
"Merrylands, NSW 2160"",-33.837514,150.99054,8:30pm to 10:30pm on Tuesday 14 July,14/07/2020,20:30,22:30,,,,,,,,,,,,,,,,,,,,,,,,,,,,,,,Self-isolate and get tested immediately,Expired,14/07/2020,29/07/2020"
"Merrylands: Big Bun,""260 Pitt St, Merrylands NSW 2160"",-33.83646,150.991498,27 August 3.30-4pm,27/08/2020,15:30,16:00,,,,,,,,,,,,,,,,,,,,,,,,,,,,,,,Monitor for symptoms,Expired,27/08/2020,11/09/2020"
"Merrylands: Stockland Merrylands,""1 McFarlane Street &, Pitt St, Merrylands NSW 2160"",-33.834807,150.987809,29 August between 9-11am ,29/08/2020,9:00,11:00,,,,,,,,,,,,,,,,,,,,,,,,,,,,,,,Monitor for symptoms,Expired,29/08/2020,13/09/2020"
"Milperra: Frankie's Food Factory (located inside Flower Power Milperra),""Shop 5/479 Henry Lawson Dr, Milperra NSW 2214"",-33.933666,150.977841,1pm to 3pm on Friday 10 July,10/07/2020,13:00,15:00,,,,,,,,,,,,,,,,,,,,,,,,,,,,,,,Monitor for symptoms,Expired,10/07/2020,25/07/2020"
"Mollymook: Rick Stein at Bannisters,""191 Mitchell Parade, Mollymook  NSW 2539"",-35.3224176,150.4851038,8pm to 10:30pm on Saturday 1 August for at least one hour,1/08/2020,20:00,22:30,,,,,,,,,,,,,,,,,,,,,,,,,,,,,,,Self-isolate and get tested immediately,Expired,19/07/2020,16/08/2020"
"Mollymook: Rick Stein at Bannisters	,""191 Mitchell Parade, Mollymook NSW 2539"",-35.322182,150.484833,8pm to 10:30pm on Saturday 1 August for at least one hour,1/08/2020,20:00,22:30,,,,,,,,,,,,,,,,,,,,,,,,,,,,,,,Self-isolate and get tested immediately,Expired,1/08/2020,16/08/2020"
"Moorebank: New Brighton Golf Club,""43 Brickmakers Dr, Moorebank NSW 2170"",-33.941954,150.957686,Friday 28 August from 6.15pm to 12.30am (29/8/20),28/08/2020,18:15,11:59,29/08/2020,0:00,0:30,,,,,,,,,,,,,,,,,,,,,,,,,,,,Self-isolate and get tested immediately,Expired,29/08/2020,13/09/2020"
"Mosman: Archie Bear café, Mosman Rowers,""Lower Ground, Mosman Rowers, 3 Centenary Dr, Mosman NSW 2088"",-33.837521,151.232077,11am to 12 noon on Monday 24 August and 9:00am to 9.30am on Tuesday 25 August,24/08/2020,11:00,12:00,25/08/2020,9:00,9:30,,,,,,,,,,,,,,,,,,,,,,,,,,,,Monitor for symptoms,Expired,25/08/2020,9/09/2020"
"Mount Druitt: Westfield Mount Druitt,""Cnr Carlisle Avenue &, Luxford Rd, Mount Druitt NSW 2770"",-33.767212,150.819762,""12pm to 12:30pm on Wednesday 12 August"
"11am and 12pm Friday 14 August"",12/08/2020,12:00,12:30,14/08/2020,11:00,12:00,,,,,,,,,,,,,,,,,,,,,,,,,,,,Monitor for symptoms,Expired,1/08/2020,29/08/2020"
"Mount Pritchard: Mounties, 101 Meadows Road,""247 Humphries Rd, Mount Pritchard NSW 2170"",-33.896937,150.899581,""12:01am to 2:30am Monday 20 July"
12:15pm to 5:30pm on Tuesday 21 July
8pm to midnight on Tuesday 21 July
Midnight to 12:30am on Wednesday 22 July
7pm to midnight on Wednesday 22 July
Midnight to 3am on Thursday 23 July
7pm to midnight on Thursday 23 July
Midnight to 3am on Friday 24 July
11am to 3:30pm on Friday 24 July
7pm to midnight on Friday 24 July
Midnight to 3am on Saturday 25 July
4pm to 7pm on Sunday 26 July
"(Times and dates updated on 6 August)"",20/07/2020,0:01,2:30,21/07/2020,12:15,17:30,21/07/2020,20:00,23:59,22/07/2020,0:00,0:30,22/07/2020,19:00,23:59,23/07/2020,0:00,3:00,23/07/2020,19:00,23:59,24/07/2020,0:00,3:00,24/07/2020,11:00,15:30,24/07/2020,0/01/1900,0/01/1900,25/07/2020,0/01/1900,0/01/1900,Self-isolate and get tested immediately,Expired,26/07/2020,10/08/2020"
"Mount Pritchard: Our Lady of Mt Carmel,""230 Humphries Rd, Bonnyrigg NSW 2177"",-33.893528,150.898862,7:30am to 8:30am on Sunday July 19,19/07/2020,7:30,8:30,,,,,,,,,,,,,,,,,,,,,,,,,,,,,,,Self-isolate and get tested immediately,Expired,19/07/2020,3/08/2020"
"Mount Pritchard: Pritchard's Hotel, 360 Elizabeth Drive,""360 Elizabeth Dr, Mount Pritchard NSW 2170"",-33.902675,150.895663,""5pm to 7pm on Friday 24 July"
"(Time and date updated on 29 July)"",24/07/2020,17:00,19:00,,,,,,,,,,,,,,,,,,,,,,,,,,,,,,,Monitor for symptoms,Expired,24/07/2020,8/08/2020"
"Narooma: Club Narooma,""88 Princes Hwy, Narooma NSW 2546"",-36.217282,150.129561,12:30pm to 2pm on Monday 13 July,13/07/2020,12:30,14:00,,,,,,,,,,,,,,,,,,,,,,,,,,,,,,,Monitor for symptoms,Expired,13/07/2020,28/07/2020"
"New Lambton: Bar 88 - Wests New Lambton,""88 Hobart Rd, New Lambton NSW 2305"",-32.92160256,151.7153721,5pm to 7:15pm on Sunday 2 August,2/08/2020,17:00,19:15,,,,,,,,,,,,,,,,,,,,,,,,,,,,,,,Self-isolate and get tested immediately,Expired,2/08/2020,17/08/2020"
Newcastle: Hamilton to Adamstown Number 26 bus,,,,8:20am on Monday 3 August,3/08/2020,8:20,8:20,,,,,,,,,,,,,,,,,,,,,,,,,,,,,,,Self-isolate and get tested immediately,Expired,3/08/2020,18/08/2020
"Newcastle: Queens Wharf Hotel,""150 Wharf Rd, Newcastle NSW 2300"",-32.92597061,151.7817408,9:30pm to 11pm on Saturday 1 August,1/08/2020,21:30,23:00,,,,,,,,,,,,,,,,,,,,,,,,,,,,,,,Monitor for symptoms,Expired,1/08/2020,17/08/2020"
"Newtown: BWS,""112 King St, Newtown NSW 2042"",-33.893159,151.184366,28 August 2020 between 5.15pm - 5.40pm,28/08/2020,17:15,17:40,,,,,,,,,,,,,,,,,,,,,,,,,,,,,,,Monitor for symptoms,Expired,28/08/2020,12/09/2020"
"Newtown: It's Time for Thai restaurant,""233 King St, Newtown NSW 2042"",-33.895437,151.181311,28 August 2020 between 5:00 - 8:00pm ,28/08/2020,17:00,20:00,,,,,,,,,,,,,,,,,,,,,,,,,,,,,,,Self-isolate and get tested immediately,Expired,28/08/2020,12/09/2020"
"Newtown: Kuleto's Cocktail Bar,""157 King St, Newtown NSW 2042"",-33.893619,151.183016,6.30pm to 9.30pm on Friday 28 August,28/08/2020,18:30,21:30,,,,,,,,,,,,,,,,,,,,,,,,,,,,,,,Self-isolate and get tested immediately,Expired,28/08/2020,12/09/2020"
"Newtown: Newtown Train Station,""330 King St, Newtown NSW 2042"",-33.897981,151.179634,5:10pm to 5:20pm on Friday 28 August,28/08/2020,17:10,17:20,,,,,,,,,,,,,,,,,,,,,,,,,,,,,,,Monitor for symptoms,Expired,28/08/2020,12/09/2020"
"Newtown: Off Ya Tree clothing store,""225 King St, Newtown NSW 2042"",-33.895153,151.181346,28 August 2020 between 7.15 - 7.55pm ,28/08/2020,19:15,19:55,,,,,,,,,,,,,,,,,,,,,,,,,,,,,,,Monitor for symptoms,Expired,28/08/2020,12/09/2020"
"North Ryde: Macquarie Shopping Centre,""Cnr Herring Rd &, Waterloo Rd, North Ryde NSW 2113"",-33.77635,151.120046,2pm to 5pm on Saturday 5 September ,5/09/2020,14:00,17:00,,,,,,,,,,,,,,,,,,,,,,,,,,,,,,,Monitor for symptoms,Expired,11/09/2020,14/09/2020"
"North Strathfield: Aldi ,20 George St North Strathfield 2137,-33.8637,151.088058,""Tuesday 1 September 2020, 10:00-10:30"",1/09/2020,10:00,10:30,,,,,,,,,,,,,,,,,,,,,,,,,,,,,,,Monitor for symptoms,Expired,1/09/2020,16/09/2020"
"North Strathfield: Woolworths Metro,""145 Concord Rd, North Strathfield NSW 2137"",-33.85889255,151.0927475,12:50pm to 1:15pm on Saturday 8 August ,8/08/2020,12:50,13:15,,,,,,,,,,,,,,,,,,,,,,,,,,,,,,,Monitor for symptoms,Expired,8/08/2020,24/08/2020"
"North Wollongong: Rashays,""2/4 Stafford St, North Wollongong NSW 2500"",-34.413094,150.891891,7pm to 9pm on Saturday 11 July,11/07/2020,19:00,21:00,,,,,,,,,,,,,,,,,,,,,,,,,,,,,,,Monitor for symptoms,Expired,11/07/2020,26/07/2020"
"Oatlands: Oatlands Golf Club,""94 Bettington Rd, Oatlands NSW 2117"",-33.794169,151.028327,""Friday, 4 September, 6:30-8:45pm"",4/09/2020,18:30,20:45,,,,,,,,,,,,,,,,,,,,,,,,,,,,,,,Self-isolate and get tested immediately,Expired,4/09/2020,19/09/2020"
"Paddington: Four in hand pub,""105 Sutherland St, Paddington NSW 2021"",-33.883755,151.234427,6.30-10pm on 26 August,26/08/2020,18:30,22:00,,,,,,,,,,,,,,,,,,,,,,,,,,,,,,,Self-isolate and get tested immediately,Expired,26/08/2020,10/09/2020"
"Paddington: Love Supreme,""180 Oxford St, Paddington NSW 2021"",-33.884318,151.223972,5:30pm to 9pm on Tuesday 14 July,14/07/2020,17:30,21:00,,,,,,,,,,,,,,,,,,,,,,,,,,,,,,,Monitor for symptoms,Expired,14/07/2020,29/07/2020"
"Paddington: The Village Inn,""9-11 Glenmore Rd, Paddington NSW 2021"",-33.883429,151.222759,6:30pm to 10pm on Saturday 11 July,11/07/2020,18:30,22:00,,,,,,,,,,,,,,,,,,,,,,,,,,,,,,,Monitor for symptoms,Expired,11/07/2020,26/07/2020"
"Padstow: Bunnings,""88 Fairford Rd, Padstow NSW 2211"",-33.942254,151.035389,""Thursday 27 August 2020, 12:00-14:00"",27/08/2020,12:00,14:00,,,,,,,,,,,,,,,,,,,,,,,,,,,,,,,Monitor for symptoms,Expired,27/08/2020,11/09/2020"
"Parramatta: Albion Hotel (Beer Garden and Pavillion),""135 George St, Parramatta NSW 2150"",-33.81605962,151.011702,8:15pm to 11:15pm on Saturday 5 September,5/09/2020,20:15,23:15,,,,,,,,,,,,,,,,,,,,,,,,,,,,,,,Self-isolate and get tested immediately,Expired,5/09/2020,20/09/2020"
"Parramatta: Milky Lane,""20/22 Macquarie St, Parramatta NSW 2150"",-33.814629,151.002169,2pm to 3pm on Saturday 11 July,11/07/2020,14:00,15:00,,,,,,,,,,,,,,,,,,,,,,,,,,,,,,,Monitor for symptoms,Expired,11/07/2020,26/07/2020"
"Parramatta: Parramatta Local Court,""12 George St, Parramatta NSW 2150"",-33.81288981,151.0027241,""8:30am to 12:30pm on Tuesday 11 August "
"8:30am to 12:30pm on Wednesday 12 August "",11/08/2020,8:30,12:30,12/08/2020,8:30,12:30,,,,,,,,,,,,,,,,,,,,,,,,,,,,Monitor for symptoms,Expired,8/08/2020,28/08/2020"
"Parramatta: St Patrick's Cathedral,""1 Marist Pl, Parramatta NSW 2150"",-33.808602,151.003153,8am Mass on Sunday 19 July,19/07/2020,8:00,,,,,,,,,,,,,,,,,,,,,,,,,,,,,,,,Monitor for symptoms,Expired,19/07/2020,3/08/2020"
"Parramatta: Westfield Parramatta,""175 Church St, Parramatta NSW 2150"",-33.81770535,151.002119,""4pm to 5:30pm on Wednesday 5 August"
"12pm to 1pm on Saturday 8 August"",5/08/2020,16:00,17:30,8/08/2020,12:00,13:00,,,,,,,,,,,,,,,,,,,,,,,,,,,,Monitor for symptoms,Expired,8/08/2020,24/08/2020"
"Pennant Hills: St Agatha's,""20 Boundary Rd, Pennant Hills NSW 2120"",-33.738552,151.06634,""6:30 am to 7am on Wednesday 5 August"
"6:30 am to 7am on Thursday 6 August"",5/08/2020,6:30,7:00,6/08/2020,6:30,7:00,,,,,,,,,,,,,,,,,,,,,,,,,,,,Monitor for symptoms,Expired,6/08/2020,21/08/2020"
"Penrith: Baby Bunting,""At Home Penrith, 350/13 Pattys Pl, Jamisontown NSW 2750"",-33.76848,150.670805,1:15pm to 1:45pm on Saturday 8 August,8/08/2020,13:15,13:45,,,,,,,,,,,,,,,,,,,,,,,,,,,,,,,Monitor for symptoms,Expired,8/08/2020,24/08/2020"
Penrith: Penrith Plaza,585 High St Penrith NSW 2750,-33.751128,150.693469,10.30am to 12.00pm Saturday 1 August,1/08/2020,10:30,12:00,,,,,,,,,,,,,,,,,,,,,,,,,,,,,,,Monitor for symptoms,Expired,1/08/2020,17/08/2020
"Picton: Picton Hotel,""132 Argyle St, Picton NSW 2571"",-34.169413,150.611145,""Saturday 4 July, Sunday 5 July, Thursday 9 July, Friday 10 July"",4/07/2020,,,5/07/2020,,,9/07/2020,,,10/07/2020,,,,,,,,,,,,,,,,,,,,,,,,Self-isolate and get tested immediately,Expired,10/07/2020,25/07/2020"
"Potts Point: Thai Rock Restaurant,""28 Bayswater Rd, Potts Point NSW 2011"",-33.874826,151.224134,Wednesday 15 July to Saturday 25 July inclusive,15/07/2020,,,16/07/2020,,,17/07/2020,,,18/07/2020,,,19/07/2020,,,20/07/2020,,,21/07/2020,,,22/07/2020,,,23/07/2020,,,24/07/2020,,,25/07/2020,,,Self-isolate and get tested immediately,Expired,25/07/2020,9/08/2020"
"Potts Point: The Apollo,""44 MacLeay St, Potts Point NSW 2010"",-33.870891,151.225501,""Wednesday 22 July to Sunday 26 July"
"(The period has been extended by two days to include Wednesday 22 July and Sunday 26 July.)"",22/07/2020,,,23/07/2020,,,24/07/2020,,,25/07/2020,,,26/07/2020,,,,,,,,,,,,,,,,,,,,,Self-isolate and get tested immediately,Expired,26/07/2020,10/08/2020"
"Prestons: God’s Power Ministries Heckenberg,""18/7-9 Progress Circuit, Prestons 2170"",-33.938462,150.881112,""Sunday, 30 August from 2.50pm-3.30pm"",30/08/2020,14:50,15:30,,,,,,,,,,,,,,,,,,,,,,,,,,,,,,,Monitor for symptoms,Expired,30/08/2020,14/09/2020"
"Prestons: Life in the Spirit Ministry,""13/7 Lyn Parade, Prestons 2170"",-33.930166,150.88728,""Sunday, 30 August from 12.30-2.30pm"",30/08/2020,12:30,14:30,,,,,,,,,,,,,,,,,,,,,,,,,,,,,,,Self-isolate and get tested immediately,Expired,30/08/2020,14/09/2020"
"Putney: Charles St Kitchen,""78 Charles St, Putney NSW 2112"",-33.823014,151.109204,5 September between 10:45am - 11:30am ,5/09/2020,10:45,11:30,,,,,,,,,,,,,,,,,,,,,,,,,,,,,,,Monitor for symptoms,Expired,5/09/2020,20/09/2020"
"Randwick: Fitness First,""73 Belmore Rd, Randwick NSW 2031"",-33.914785,151.241296,3:30pm to 4:15pm on Sunday 23 August,23/08/2020,15:30,16:15,,,,,,,,,,,,,,,,,,,,,,,,,,,,,,,Self-isolate and get tested immediately,Expired,1/09/2020,16/09/2020"
"Randwick: Fitness First,""73 Belmore Rd, Randwick NSW 2031"",-33.914785,151.241296,Sunday 23 August to Tuesday 1 September,23/08/2020,,,24/08/2020,,,25/08/2020,,,26/08/2020,,,27/08/2020,,,28/08/2020,,,29/08/2020,,,30/08/2020,,,31/08/2020,,,1/09/2020,,,,,,Monitor for symptoms,Expired,1/09/2020,16/09/2020"
"Randwick: Fitness First,""73 Belmore Rd, Randwick NSW 2031"",-33.914785,151.241296,3:30pm to 4:15pm on Sunday 23 August,23/08/2020,15:30,16:15,,,,,,,,,,,,,,,,,,,,,,,,,,,,,,,Self-isolate and get tested immediately,Expired,22/08/2020,6/09/2020"
"Redfern: The Eveleigh Hotel,""158 Abercrombie St, Redfern NSW 2016"",-33.88947698,151.198294,8:30pm to 10:00pm on Friday 31 July,31/07/2020,20:30,22:00,,,,,,,,,,,,,,,,,,,,,,,,,,,,,,,Monitor for symptoms,Expired,31/07/2020,17/08/2020"
"Revesby: Bankstown YMCA,""184 The River Rd, Revesby NSW 2212"",-33.95408,151.016711,4pm to 8pm on Thursday 9 July and 8am to 12pm on Saturday 11 July,9/07/2020,16:00,20:00,11/07/2020,8:00,12:00,,,,,,,,,,,,,,,,,,,,,,,,,,,,Monitor for symptoms,Expired,11/07/2020,26/07/2020"
"Rhodes: IKEA,""Rhodes Shopping Centre, 1 Oulton Ave, Rhodes NSW 2138"",-33.8369589,151.0840422,1:20pm to 2:20pm on Saturday 8 August,8/08/2020,13:20,14:20,,,,,,,,,,,,,,,,,,,,,,,,,,,,,,,Monitor for symptoms,Expired,8/08/2020,24/08/2020"
"Rookwood: St John of God Lawn,""Australia, Therry St, Rookwood NSW 2141"",-33.879046,151.060058,11:30am to 1pm Burial on Saturday 18 July,18/07/2020,11:30,13:00,,,,,,,,,,,,,,,,,,,,,,,,,,,,,,,Self-isolate and get tested immediately,Expired,18/07/2020,2/08/2020"
"Rose Bay: Den Sushi,""639B New S Head Rd, Rose Bay NSW 2029"",-33.872416,151.259545,Saturday 8 August between 7:15pm and 8:45pm,8/08/2020,19:15,20:45,,,,,,,,,,,,,,,,,,,,,,,,,,,,,,,Monitor for symptoms,Expired,8/08/2020,24/08/2020"
"Rosebery: Rosebery Post Shop,""371 Gardeners Rd, Rosebery NSW 2018"",-33.922658,151.203815,1:30pm to 1:40pm on Wednesday 26 August,26/08/2020,13:30,15:30,,,,,,,,,,,,,,,,,,,,,,,,,,,,,,,Monitor for symptoms,Expired,26/08/2020,10/09/2020"
"Rouse Hill Town Centre, including Target,""Cnr of Windsor Road &, White Hart Dr, Rouse Hill NSW 2155"",-33.691563,150.925461,""Saturday, 5 September, 12.30pm-1.30pm "",5/09/2020,12:30,13:30,,,,,,,,,,,,,,,,,,,,,,,,,,,,,,,Monitor for symptoms,Expired,5/09/2020,20/09/2020"
"Rushcutter's Bay: Cruising Yacht Club Australia (CYCA),""1 New Beach Rd, Darling Point NSW 2027"",-33.873999,151.233939,""6pm to 7:30pm on Thursday 23 July"
3:30pm to 5pm on Friday 24 July
"4pm to 5:30pm on Sunday 26 July"",23/07/2020,18:00,19:30,24/07/2020,15:30,15:00,26/07/2020,16:00,17:30,,,,,,,,,,,,,,,,,,,,,,,,,Monitor for symptoms,Expired,26/07/2020,10/08/2020"
"Salamander Bay: Fingal Bay Café & Takeaway,""4 Market St, Fingal Bay NSW 2315"",-32.749011,152.169569,17 July between 11:30am to 12 midday,17/07/2020,11:30,12:00,,,,,,,,,,,,,,,,,,,,,,,,,,,,,,,Monitor for symptoms,Expired,17/07/2020,1/08/2020"
"Salamander Bay: Salamander Bay Shopping Centre,""2 Town Centre Cct, Salamander Bay NSW 2317"",-32.735821,152.106766,Wednesday 15 July,15/07/2020,,,,,,,,,,,,,,,,,,,,,,,,,,,,,,,,,Monitor for symptoms,Expired,15/07/2020,30/07/2020"
"Salamander Bay: Salamander Bay Woolworths,""2 Town Centre Cct, Salamander Bay NSW 2317"",-32.735821,152.106766,""17 July between 2:30pm to closing time,"
"20 July between 3pm to closing time"",17/07/2020,14:30,,18/07/2020,16:00,,19/07/2020,12:45,,20/07/2020,15:00,,,,,,,,,,,,,,,,,,,,,,,Monitor for symptoms,Expired,20/07/2020,4/08/2020"
"Smithfield: Chopstix Asian Cuisine, Smithfield RSL,""Cnr Cumberland Hwy & Neville St, Smithfield NSW 2164"",-33.855635,150.937378,Friday 31 July to Saturday 9 August,31/07/2020,,,1/08/2020,,,2/08/2020,,,3/08/2020,,,,0,,5/08/2020,,,6/08/2020,,,7/08/2020,,,8/08/2020,,,9/08/2020,,,,,,Monitor for symptoms,Expired,20/07/2020,26/08/2020"
"St Ives: Coles, St Ives Shopping Centre,""166 Mona Vale Rd, St. Ives NSW 2075"",-33.730239,151.157708,1pm to 2pm on Friday 28 August,28/08/2020,13:00,14:00,,,,,,,,,,,,,,,,,,,,,,,,,,,,,,,Monitor for symptoms,Expired,28/08/2020,12/09/2020"
"St Ives: St Ives Shopping Centre,""166 Mona Vale Rd, St. Ives NSW 2075"",-33.729713,151.158682,1pm to 2pm on Friday 28 August,28/08/2020,13:00,14:00,,,,,,,,,,,,,,,,,,,,,,,,,,,,,,,Monitor for symptoms,Expired,28/08/2020,12/09/2020"
"St Leonards: Fitness First,""55 Christie St, St Leonards NSW 2065"",-33.825341,151.196539,9am to 10:30am on Monday 27 July,27/08/2020,9:00,11:00,,,,,,,,,,,,,,,,,,,,,,,,,,,,,,,Monitor for symptoms,Expired,9/08/2020,24/08/2020"
"Stanhope Gardens: Stanhope Village Shopping Centre, including Kmart,""2 Sentry Dr, Stanhope Gardens NSW 2768"",-33.71864,150.920306,""Monday, 7 September, 8.30am-9.30am"",7/09/2020,8:30,9:30,,,,,,,,,,,,,,,,,,,,,,,,,,,,,,,Monitor for symptoms,Expired,7/09/2020,22/09/2020"
"Surry Hills: Hotel Harry (Harpoon Harry),""40-44 Wentworth Ave, Surry Hills NSW 2010"",-33.87843,151.211348,2:15pm to 11pm on Sunday 26 July,26/08/2020,14:15,23:00,,,,,,,,,,,,,,,,,,,,,,,,,,,,,,,Self-isolate and get tested immediately,Expired,27/07/2020,11/08/2020"
"Sydney: 300 George Street,300 George St Sydney NSW 2000,-33.86564,151.207486,""Wednesday 19 August"
Thursday 20 August
Friday 21 August
"Monday 24 August"",19/08/2020,,,20/08/2020,,,21/08/2020,,,24/08/2020,,,,,,,,,,,,,,,,,,,,,,,,Monitor for symptoms,Expired,26/07/2020,8/08/2020"
"Sydney: Burrow Bar,""De Mestre Pl, Sydney NSW 2000"",-33.86596311,151.2076739,9:45pm to midnight on Saturday 1 August,1/08/2020,21:45,23:59,,,,,,,,,,,,,,,,,,,,,,,,,,,,,,,Self-isolate and get tested immediately,Expired,1/08/2020,16/08/2020"
"Sydney: City Tattersalls Fitness Centre,""198 Pitt St, Sydney NSW 2000"",-33.871175,151.208363,""8am to 2pm on Wednesday 19 August"
8am to 2pm on Friday 21 August including: 
Aqua Aerobics from 10am to 10:45am
Stretch Class from 11am to 11:50am
Pump Class from 12:15pm to 1pm
8am to 2pm on Sunday 23 August
8am to 2pm on Monday 24 August
"8am to 2pm on Tuesday 25 August"",19/08/2020,8:00,14:00,21/08/2020,8:00,14:00,23/08/2020,8:00,14:00,23/08/2020,8:00,14:00,24/08/2020,8:00,14:00,25/08/2020,8:00,14:00,,,,,,,,,,,,,,,,Self-isolate and get tested immediately,Expired,25/08/2020,9/09/2020"
"Sydney: Cubby's Kitchen,""Corner Young Street & Loftus Lane, off Bridge Street, Sydney NSW 2000"",-33.863104,151.211004,7:35pm to 9:30pm on Saturday 1 August,1/08/2020,19:35,21:30,,,,,,,,,,,,,,,,,,,,,,,,,,,,,,,Monitor for symptoms,Expired,1/08/2020,16/08/2020"
"Sydney: Fitness First Bond Street,""20 Bond St, Sydney NSW 2000"",-33.864361,151.208496,""12pm to 4:30pm on Thursday 20 August"
"12pm to 4:30pm on Friday 21 August"",20/08/2020,12:00,16:30,21/08/2020,12:00,16:30,,,,,,,,,,,,,,,,,,,,,,,,,,,,Monitor for symptoms,Expired,21/08/2020,5/09/2020"
"Sydney: Hyde Park Medical Centre,""Shop 1/175 Liverpool Street Ground Flr, Sydney NSW 2000"",-33.877015,151.210809,Monday 24 August to Saturday 5 September,24/08/2020,,,25/08/2020,,,26/08/2020,,,27/08/2020,,,28/08/2020,,,29/08/2020,,,30/08/2020,,,31/08/2020,,,1/09/2020,,,2/09/2020,3/09/2020,4/09/2020,5/09/2020,,,Self-isolate and get tested immediately,Expired,5/09/2020,20/09/2020"
"Sydney: Mary's Macquarie Place,""7 Macquarie Pl, Sydney NSW 2000"",-33.86273584,151.2098277,6:45pm to 7:15pm on Saturday 1 August,1/08/2020,18:45,19:15,,,,,,,,,,,,,,,,,,,,,,,,,,,,,,,Monitor for symptoms,Expired,1/08/2020,16/08/2020"
"Sydney: Virgin Active Margaret Street Gym,""Level 6/60 Margaret St, Sydney NSW 2000"",-33.864682,151.206812,5:10pm to 6:40pm on 26 August,26/08/2020,17:10,18:40,,,,,,,,,,,,,,,,,,,,,,,,,,,,,,,Monitor for symptoms,Expired,26/08/2020,10/09/2020"
"Sydney: Virgin Active Margaret Street Gym,""Level 6/60 Margaret St, Sydney NSW 2000"",-33.864734,151.206815,5:10pm to 6:40pm on 26 August,26/08/2020,17:10,18:40,,,,,,,,,,,,,,,,,,,,,,,,,,,,,,,Self-isolate and get tested immediately,Expired,26/07/2020,10/08/2020"
"Sydney: Virgin Active Pitt Street Gym,""2/197 Pitt Street Mall, Sydney NSW 2000"",-33.869596,151.208162,5:00pm to 6:30pm on Tuesday 25 August,25/08/2020,17:00,18:30,,,,,,,,,,,,,,,,,,,,,,,,,,,,,,,Monitor for symptoms,Expired,25/08/2020,9/09/2020"
"Sydney: Virgin Active Pitt Street Gym,""2/197 Pitt Street Mall, Sydney NSW 2000"",-33.869594,151.208163,5:00pm to 6:30pm on Tuesday 25 August,25/08/2020,17:00,18:30,,,,,,,,,,,,,,,,,,,,,,,,,,,,,,,Monitor for symptoms,Expired,26/08/2020,10/09/2020"
"Tahmoor: Pharmacy for Less,""Tahmoor Shopping Village 5&6, 161-173 Remembrance Driveway, Tahmoor NSW 2573"",-34.226748,150.590409,9am to 10:40am on Sunday 12 July,12/07/2020,9:00,10:40,,,,,,,,,,,,,,,,,,,,,,,,,,,,,,,Monitor for symptoms,Expired,25/08/2020,9/09/2020"
"Toronto: Toronto Court House (Drug court),""140/142 Cary St, Toronto NSW 2283"",-33.012281,151.59401,""7am to 2pm, Monday 27 July"",27/07/2020,7:00,14:00,,,,,,,,,,,,,,,,,,,,,,,,,,,,,,,Monitor for symptoms,Expired,12/07/2020,27/07/2020"
"Turramurra: The Matterhorn,""1305 Pacific Hwy, Turramurra NSW 2074"",-33.733218,151.127865,6pm to 8pm on Saturday 22 August,22/08/2020,18:00,20:00,,,,,,,,,,,,,,,,,,,,,,,,,,,,,,,Monitor for symptoms,Expired,22/08/2020,6/09/2020"
"Turramurra: The Matterhorn,""1305 Pacific Hwy, Turramurra NSW 2074"",-33.733159,151.127856,6pm to 8pm on Saturday 22 August,22/08/2020,18:00,20:00,,,,,,,,,,,,,,,,,,,,,,,,,,,,,,,Monitor for symptoms,Expired,27/07/2020,11/08/2020"
"Wahroonga: Missing Spoon Café,""8 Railway Ave, Wahroonga NSW 2076"",-33.756482,151.153743,5 September between 4:45pm – 5:30pm.  ,5/09/2020,16:45,17:30,,,,,,,,,,,,,,,,,,,,,,,,,,,,,,,Monitor for symptoms,Expired,5/09/2020,20/09/2020"
"Wahroonga: Parish of Holy Name,""35 Billyard Ave, Wahroonga NSW 2076"",-33.719024,151.12434,9:30am to 10:15am on Sunday 23 August,23/08/2020,9:30,10:15,,,,,,,,,,,,,,,,,,,,,,,,,,,,,,,Monitor for symptoms,Expired,23/08/2020,7/09/2020"
"Wahroonga: Parish of Holy Name,""35 Billyard Ave, Wahroonga NSW 2076"",-33.718965,151.124336,9:30am to 10:15am on Sunday 23 August,23/08/2020,9:30,10:15,,,,,,,,,,,,,,,,,,,,,,,,,,,,,,,Monitor for symptoms,Expired,22/08/2020,6/09/2020"
"Waitara: Magpies Waitara,""11-37 Alexandria Parade, Waitara NSW 2077"",-33.709715,151.104867,11:30am to 1:15pm on Monday 24 August,24/08/2020,11:30,13:15,,,,,,,,,,,,,,,,,,,,,,,,,,,,,,,Monitor for symptoms,Expired,24/08/2020,8/09/2020"
"Wallsend: Wallsend Diggers,""5 Tyrrell St, Wallsend NSW 2287"",-32.90172895,151.6706437,""9pm to 11pm on Wednesday 29 July"
"9pm to 11pm on Thursday 30 July"",29/07/2020,21:00,23:00,30/07/2020,21:00,23:00,,,,,,,,,,,,,,,,,,,,,,,,,,,,Self-isolate and get tested immediately,Expired,27/07/2020,14/08/2020"
"Warriewood: Warriewood Square shopping centre,""12 Jacksons Rd, Warriewood NSW 2102"",-33.695649,151.295619,29 August between 12:30 - 2:30pm ,29/08/2020,12:30,14:30,,,,,,,,,,,,,,,,,,,,,,,,,,,,,,,Monitor for symptoms,Expired,23/08/2020,7/09/2020"
"Warriewood: Warriewood Square shopping centre,""12 Jacksons Rd, Warriewood NSW 2102"",-33.695671,151.295617,29 August between 12:30 - 2:30pm ,29/08/2020,12:30,14:30,,,,,,,,,,,,,,,,,,,,,,,,,,,,,,,Monitor for symptoms,Expired,3/09/2020,24/09/2020"
"Warriewood: Warriewood Square shopping centre ,""12 Jacksons Rd, Warriewood NSW 2102"",-33.695653,151.295618,""12:30pm to 2:30pm on Saturday 29 August including Kmart, Coles, Aldi and the food court."",29/08/2020,12:30,14:30,,,,,,,,,,,,,,,,,,,,,,,,,,,,,,,Monitor for symptoms,Expired,1/09/2020,24/09/2020"
"Waverley: Eastern Suburbs Legion Club,213 Bronte Road Waverley NSW 2024,-33.901159,151.253915,""5pm to 6:30pm on Friday 28 August"
Tuesday 1 September
Friday 4 September
Saturday 5 September
"Sunday 6 September"",28/08/2020,17:00,18:30,1/09/2020,,,4/09/2020,,,5/09/2020,,,6/09/2020,,,,,,,,,,,,,,,,,,,,,Monitor for symptoms,Expired,7/09/2020,22/09/2020"
"West Ryde: Eastwood Ryde Netball Association, Meadowbank Park,""Meadowbank Park Adelaide St, Meadowbank NSW 2114"",-33.81717,151.082631,5 September between 12:15pm - 1:30pm,5/09/2020,12:15,13:30,,,,,,,,,,,,,,,,,,,,,,,,,,,,,,,Monitor for symptoms,Expired,5/09/2020,20/09/2020"
"Wetherill Park: 5th Avenue Beauty Bar,""2/1183-1187 The Horsley Dr, Wetherill Park NSW 2164"",-33.85006418,150.8978565,2pm to 3pm on Saturday 8 August,8/08/2020,14:00,15:00,,,,,,,,,,,,,,,,,,,,,,,,,,,,,,,Monitor for symptoms,Expired,8/08/2020,25/08/2020"
"Wetherill Park: Stockland Mall,""561-583 Polding St, Wetherill Park NSW 2164"",-33.858458,150.898886,""Thursday 9 July, Friday 10 July, Saturday 11 July, Sunday 12 July, Tuesday 14 July"",9/07/2020,,,10/07/2020,,,11/07/2020,,,12/07/2020,,,14/07/2020,,,,,,,,,,,,,,,,,,,,,Monitor for symptoms,Expired,29/08/2020,13/09/2020"
"Wetherill Park: Thai Rock Restaurant,""Shop C03/ Stockland Shopping Centre, 561-583 Polding St, Wetherill Park NSW 2164"",-33.859157,150.897823,""Thursday 9 July, Friday 10 July, Saturday 11 July, Sunday 12 July, Tuesday 14 July"",9/07/2020,,,10/07/2020,,,11/07/2020,,,12/07/2020,,,14/07/2020,,,,,,,,,,,,,,,,,,,,,Monitor for symptoms,Expired,14/07/2020,29/07/2020"
"Willoughby: Harris Farm,""201 High St, Willoughby NSW 2068"",-33.795945,151.200765,4pm to 5pm on Saturday 22 August,22/08/2020,16:00,17:00,,,,,,,,,,,,,,,,,,,,,,,,,,,,,,,Monitor for symptoms,Expired,22/08/2020,6/09/2020"
"Wollstonecraft: Mater Clinic,""3/9 Gillies St, Wollstonecraft NSW 2065"",-33.832105,151.201232,8:30am to 9:00am on Friday 28 August,28/08/2020,8:30,9:00,,,,,,,,,,,,,,,,,,,,,,,,,,,,,,,Monitor for symptoms,Expired,28/08/2020,12/09/2020"
"Woolloomooloo: China Doll Restaurant,""4/6 Cowper Wharf Roadway, Woolloomooloo NSW 2011"",-33.868574,151.220227,6:30pm to 10:00pm on Thursday 3 September,3/09/2020,18:30,22:00,,,,,,,,,,,,,,,,,,,,,,,,,,,,,,,Monitor for symptoms,Expired,3/09/2020,18/09/2020"
"Zetland: Virgin Gym,""Level 4, Shop 2A East Village Shopping Centre, 4 Defries Ave, Zetland NSW 2017"",-33.904753,151.213615,7:30pm to 10pm on Monday 24 August ,24/08/2020,19:30,22:00,,,,,,,,,,,,,,,,,,,,,,,,,,,,,,,Self-isolate and get tested immediately,Expired,24/08/2020,8/09/2020"
"Hunters Hill: Hunters Hill Bowling Club,""12-20 Madeline St, Hunters Hill NSW 2110"
",-33.833191,151.153572,Tuesday 8th September from 6:50pm to 9pm,8/09/2020,18:50,21:00,,,,,,,,,,,,,,,,,,,,,,,,,,,,,,,Monitor for symptoms,Expired,8/09/2020,23/09/2020
Lawson: Lawson Oval,Lawson NSW 2783,-33.7237,150.432677,13 September from 10:30 am to 12:45 pm,13/09/2020,10:30,12:45,,,,,,,,,,,,,,,,,,,,,,,,,,,,,,,Monitor for symptoms,Expired,13/09/2020,24/09/2020
Springwood: Springwood Sports Club,83 Macquarie Road, Springwood NSW 2777"",-33.698423,150.569821,12 September from 1 pm to 2 pm,12/09/2020,13:00,14:00,,,,,,,,,,,,,,,,,,,,,,,,,,,,,,,Monitor for symptoms,Expired,12/09/2020,24/09/2020"
"Casula: Anytime Fitness,""1/605 Hume Hwy, Casula NSW 2170"",-33.953728,150.897839,Friday 11 September from 10:15am to 12pm,11/09/2020,10:15,12:00,,,,,,,,,,,,,,,,,,,,,,,,,,,,,,,Monitor for symptoms,Expired,11/09/2020,24/09/2020"
"Penrith: JB HI-FI,""Store MM1 Westfield Penrith Shopping Centre, 21-55 Station St, Penrith NSW 2750"",-33.750833,150.695453,Sunday 13 September from 4pm to 4.30pm.,13/09/2020,16:00,16:30,,,,,,,,,,,,,,,,,,,,,,,,,,,,,,,Monitor for symptoms,Expired,13/09/2020,24/09/2020"
"Casula: Five Stars Thaitanic,""Shop 28/1 Ingham Dr, Casula NSW 2170"",-33.94725,150.900239,4:20pm to 5:20pm on Saturday 12 September,12/09/2020,16:20,17:20,,,,,,,,,,,,,,,,,,,,,,,,,,,,,,,Monitor for symptoms,Expired,12/09/2020,24/09/2020"
"Glen Alpine: Campbelltown Golf Club,""1 Golf Course Dr, Glen Alpine NSW 2560"",-34.084306,150.785493,2pm to 4.30pm in the TAB area on Wednesday 16 September,16/09/2020,14:00,16:30,,,,,,,,,,,,,,,,,,,,,,,,,,,,,,,Self-isolate and get tested immediately,Expired,16/09/2020,24/09/2020"
"Mollymook: Bannisters Pavilion Rooftop Bar & Grill,""87 Tallwood Ave, Mollymook Beach NSW 2539"",-35.325018,150.476399,12.30pm to 2.15pm on Sunday 13 September,12/09/2020,12:30,14:15,,,,,,,,,,,,,,,,,,,,,,,,,,,,,,,Self-isolate and get tested immediately,Expired,12/09/2020,24/09/2020"
"Ulladulla: Carlo's Italian Ristorante Bar & Seafood,""18 Wason St, Ulladulla NSW 2539"",-35.358644,150.475079,8pm to 9.30pm on Saturday 12 September,12/09/2020,20:00,21:30,,,,,,,,,,,,,,,,,,,,,,,,,,,,,,,Self-isolate and get tested immediately,Expired,12/09/2020,24/09/2020"
"Ulladulla: Milton Ulladulla Ex Servos Club,""212-222 Princes Hwy, Ulladulla NSW 2539"",-35.368262,150.470617,2pm to 6.15pm on Saturday 12 September,12/09/2020,14:00,18:15,,,,,,,,,,,,,,,,,,,,,,,,,,,,,,,Self-isolate and get tested immediately,Expired,12/09/2020,24/09/2020"
"Panania: Picnic Point Bowling Club,""124 Lambeth St, Panania NSW 2213"",-33.964311,150.996542,3pm to 6pm on Friday 18 September,18/09/2020,15:00,18:00,,,,,,,,,,,,,,,,,,,,,,,,,,,,,,,Monitor for symptoms,Expired,18/09/2020,24/09/2020"
"Glen Alpine: Campbelltown Golf Club,""1 Golf Course Dr, Glen Alpine NSW 2560"",-34.084018,150.785409,9.30am to 2pm on Wednesday 16 September,16/09/2020,9:30,14:00,,,,,,,,,,,,,,,,,,,,,,,,,,,,,,,Monitor for symptoms,Expired,16/09/2020,24/09/2020"
"Campbelltown: Mama Wok, Macarthur Square,""Level C006-07/1 Kellicar Rd, Campbelltown NSW 2560"",-34.074076,150.797135,1:30pm to 2:30pm on Wednesday 9 September,9/09/2020,15:30,14:30,,,,,,,,,,,,,,,,,,,,,,,,,,,,,,,Self-isolate and get tested immediately,Expired,9/09/2020,24/09/2020"
"Hammondville: Moorebank Sports Club,""230 Heathcote Rd, Hammondville NSW 2170"",-33.955143,150.95674,""Evening of Monday, 14 September"",14/09/2020,,,,,,,,,,,,,,,,,,,,,,,,,,,,,,,,,Monitor for symptoms,Expired,14/09/2020,24/09/2020"
